المادة,النوع,الأسبوع,الاسم,اللينك
Operating system,محاضرة,1,مقدمة في نظم التشغيل,
Operating system,تلخيص,1,تلخيص الأسبوع الأول,
Signals & systems,محاضرة,1,الإشارات المستمرة والمتقطعة,
Signals & systems,سكشن,2,سكشن 2: تحويل الإشارات,
Microcontrollers,محاضرة,2,معمارية المتحكم,
Data communication,امتحان سابق,3,امتحان ميدترم سابق,
Algorithms,تلخيص,3,تلخيص Sorting,
Operating system,كتاب,,كتب المادة,
Operating system,امتحان سابق,,كل الامتحانات السابقة,
Signals & systems,كتاب,,كتب المادة,
Signals & systems,امتحان سابق,,كل الامتحانات السابقة,
Microcontrollers,كتاب,,كتب المادة,
Microcontrollers,امتحان سابق,,كل الامتحانات السابقة,
Data communication,كتاب,,كتب المادة,
Data communication,امتحان سابق,,كل الامتحانات السابقة,
Algorithms,كتاب,,كتب المادة,
Algorithms,امتحان سابق,,كل الامتحانات السابقة,
Operating system,سكشن,1,سكشن 1,https://ahmed926online-jpg.github.io/it-data/sec-os/sec1.pptx
Operating system,سكشن,2,سكشن 2,https://ahmed926online-jpg.github.io/it-data/sec-os/sec2.pdf
Operating system,محاضرة,1,المحاضرة الأولى,https://ahmed926online-jpg.github.io/it-data/lec-os/lec1.pdf
Data communication,سكشن,1,لاب 1,https://ahmed926online-jpg.github.io/it-data/sec-dc/lab1/lab1.pka
Data communication,سكشن,2,لاب 2,https://ahmed926online-jpg.github.io/it-data/sec-dc/lab2/lab2.zip
Data communication,سكشن,3,لاب 3,https://ahmed926online-jpg.github.io/it-data/sec-dc/lab3/lab3.zip
Data communication,سكشن,4,لاب 4,https://ahmed926online-jpg.github.io/it-data/sec-dc/lab4/lab4.pka
Data communication,سكشن,5,لاب 5,https://ahmed926online-jpg.github.io/it-data/sec-dc/lab5/lab5.zip
